<application>
  <component name="TipsStore">
    <option name="globalFirstStartUp" value="false" />
    <entry projectPath="C:/i-work/diteng-afitty" startUpFlag="FIRST" />
    <entry projectPath="C:/i-work/diteng-mall-client" startUpFlag="FIRST" />
    <entry projectPath="C:/i-work/diteng-platform" startUpFlag="FIRST" />
    <entry projectPath="C:/i-work/fgsc-project" startUpFlag="FIRST" />
    <entry projectPath="C:/i-work/fishing-o2o" startUpFlag="FIRST" />
    <entry projectPath="C:/i-work/mall" startUpFlag="FIRST" />
    <entry projectPath="C:/i-work/spreader-project" startUpFlag="FIRST" />
    <entry projectPath="C:/i-work/summer-db" startUpFlag="FIRST" />
    <entry projectPath="C:/i-work/summer-framework" startUpFlag="FIRST" />
    <entry projectPath="C:/i-work/summer-mis" startUpFlag="FIRST" />
    <entry projectPath="C:/my-learn/mall" startUpFlag="FIRST" />
    <entry projectPath="C:/my-learn/study-framework" startUpFlag="FIRST" />
  </component>
</application>