<application>
  <component name="LanguageInjectionConfiguration">
    <injection language="SQL" injector-id="xml">
      <display-name>MyBatis sql|select|insert|update|delete</display-name>
      <place><![CDATA[xmlTag().withLocalName(string().oneOf("select", "insert", "update", "delete")).withNamespace(string().oneOf("http://ibatis.apache.org/dtd/ibatis-3-mapper.dtd", "http://mybatis.org/dtd/mybatis-3-mapper.dtd"))]]></place>
      <apply-to-subtags />
    </injection>
    <injection language="SQL" injector-id="xml">
      <display-name>iBatis3: sql|select|insert|update|delete</display-name>
      <place><![CDATA[xmlTag().withLocalName(string().oneOf("select", "insert", "update", "delete")).withNamespace(string().oneOf("http://ibatis.apache.org/dtd/ibatis-3-mapper.dtd", "http://mybatis.org/dtd/mybatis-3-mapper.dtd"))]]></place>
      <apply-to-subtags />
    </injection>
    <injection language="GenericSQL" injector-id="xml">
      <display-name>mapper</display-name>
      <place><![CDATA[xmlTag().withLocalName(string().equalTo("mapper")).withNamespace(string().equalTo("http://mybatis.org/dtd/mybatis-3-mapper.dtd"))]]></place>
    </injection>
    <injection language="SQL" injector-id="xml">
      <display-name>select|insert|update|delete|statement</display-name>
      <place><![CDATA[xmlTag().withLocalName(string().oneOf("select", "insert", "update", "delete", "statement")).withNamespace(string().equalTo("http://ibatis.apache.org/dtd/sql-map-2.dtd"))]]></place>
      <apply-to-subtags />
    </injection>
  </component>
</application>