<application>
  <component name="AppStorage">
    <histories>
      <item value="Property" />
      <item value="重复" />
      <item value="Argument" />
      <item value="Cate Gory" />
      <item value="attr" />
      <item value="Api Implicit Param" />
      <item value="Delegating" />
      <item value="if the underlying method * throws an exception." />
      <item value="Gregorian" />
      <item value="Buddhist" />
      <item value="Generate Unique Name" />
      <item value="parameterTypes the list of parameters" />
      <item value="cms" />
      <item value="gms" />
      <item value="أريد" />
      <item value="ored" />
      <item value="Percent" />
      <item value="Docket" />
      <item value="Vendor Extension" />
      <item value="precedence" />
      <item value="scalar" />
      <item value="null To Empty List" />
      <item value="terms Of Service Url" />
      <item value="administrator" />
      <item value="/** * Implicitly sets a tag for the operations, legacy support (read description). * &lt;p&gt; * In swagger-core 1.3.X, this was used as the 'path' that is to host the API Declaration of the * resource. This is no longer relevant in swagger-core 1.5.X. * &lt;p&gt; * If {@link #tags()} is &lt;i&gt;not&lt;/i&gt; used, this value will be used to set the tag for the operations described by this * resource. Otherwise, the value will be ignored. * &lt;p&gt; * The leading / (if exists) will be removed. * * @return tag name for operations under this resource, unless {@link #tags()} is defined. */" />
      <item value="Implicitly sets a tag for the operations, legacy support (read description)." />
      <item value="Not used in 1.5.X, kept for legacy support." />
      <item value="Fully Qualified Java Type" />
      <item value="* This interface describes methods common to all Java compilation units (Java * classes, interfaces, and enums)." />
      <item value="Bindable" />
      <item value="search By Param Exclude Code" />
      <item value="search By Search Text Exclude Code" />
      <item value="select By Search Text Exclude Code" />
      <item value="serialize Special Floating Point Values" />
      <item value="Pure" />
      <item value="definitions" />
      <item value="SHA 1 PRNG" />
      <item value="Qualifier" />
      <item value="* Adapter for Date. Although this class appears stateless, it is not. * DateFormat captures its time zone and locale when it is created, which gives * this class state. DateFormat isn't thread safe either, so this class has * to synchronize its read and write methods." />
      <item value="normal" />
      <item value="has exceeded" />
      <item value="exceeded" />
      <item value="Eshop" />
      <item value="navigate Pages" />
      <item value="Pageable" />
      <item value="Encryption" />
      <item value="* Specify whether {@code @Bean} methods should get proxied in order to enforce * bean lifecycle behavior, e.g. to return shared singleton bean instances even * in case of direct {@code @Bean} method calls in user code. This feature * requires method interception, implemented through a runtime-generated CGLIB * subclass which comes with limitations such as the configuration class and * its methods not being allowed to declare {@code final}. * &lt;p&gt;The default is {@code true}, allowing for 'inter-bean references' via direct * method calls within the configuration class as well as for external calls to * this configuration's {@code @Bean} methods, e.g. from another configuration class. * If this is not needed since each of this particular configuration's {@code @Bean} * methods is self-contained and designed as a plain factory method for container use, * switch this flag to {@code false} in order to avoid CGLIB subclass processing. * &lt;p&gt;Turning off bean method interception effectively processes {@code @Bean} * methods individually like when declared on non-{@code @Configuration} classes, * a.k.a. &quot;@Bean Lite Mode&quot; (see {@link Bean @Bean's javadoc}). It is therefore * behaviorally equivalent to removing the {@code @Configuration} stereotype." />
      <item value="$lte" />
      <item value="promotion" />
      <item value="replicaset" />
    </histories>
    <option name="languageScores">
      <map>
        <entry key="CHINESE" value="256" />
        <entry key="ENGLISH" value="257" />
        <entry key="ARABIC" value="1" />
        <entry key="FRENCH" value="1" />
        <entry key="CATALAN" value="1" />
        <entry key="CZECH" value="1" />
        <entry key="LATIN" value="1" />
        <entry key="HMONG" value="1" />
        <entry key="PORTUGUESE" value="3" />
        <entry key="SLOVAK" value="1" />
        <entry key="ITALIAN" value="1" />
        <entry key="HINDI" value="2" />
        <entry key="VIETNAMESE" value="1" />
      </map>
    </option>
  </component>
  <component name="Settings">
    <option name="ignoreRegExp" value="" />
    <option name="showWordsOnStartup" value="true" />
  </component>
</application>